district,state,lat,lon
# Note: coordinates are approximate district centroids for distance estimation only.
# Haryana
Panipat,Haryana,29.3909,76.9635
Gurugram,Haryana,28.4595,77.0266
Faridabad,Haryana,28.4089,77.3178
Ambala,Haryana,30.3782,76.7767
Hisar,Haryana,29.1492,75.7217
Rohtak,Haryana,28.8955,76.6066
Karnal,Haryana,29.6857,76.9905
Sonipat,Haryana,28.9931,77.0151
Rewari,Haryana,28.1986,76.6194
Bhiwani,Haryana,28.7975,76.1219
Jhajjar,Haryana,28.6081,76.6547
Sirsa,Haryana,29.5330,75.0247
Fatehabad,Haryana,29.5152,75.4523
Jind,Haryana,29.3162,76.3161
Kaithal,Haryana,29.8014,76.3997
Kurukshetra,Haryana,29.9695,76.8783
Mahendragarh,Haryana,28.2781,76.1488
Palwal,Haryana,28.1444,77.3315
Panchkula,Haryana,30.6942,76.8606
Yamunanagar,Haryana,30.1290,77.2674
Nuh,Haryana,27.9908,77.0145
Charkhi Dadri,Haryana,28.5921,76.2740
# Punjab
Ludhiana,Punjab,30.9010,75.8573
Amritsar,Punjab,31.6340,74.8723
Jalandhar,Punjab,31.3260,75.5762
Patiala,Punjab,30.3398,76.3869
Bathinda,Punjab,30.2110,74.9455
Mohali,Punjab,30.7046,76.7179
Gurdaspur,Punjab,32.0377,75.4060
Hoshiarpur,Punjab,31.5143,75.9115
Moga,Punjab,30.8168,75.1699
Firozpur,Punjab,30.9325,74.6146
Fazilka,Punjab,30.4017,74.0239
Barnala,Punjab,30.3795,75.5460
Faridkot,Punjab,30.6720,74.7550
Fatehgarh Sahib,Punjab,30.6491,76.3897
Kapurthala,Punjab,31.3803,75.3800
Mansa,Punjab,29.9976,75.3933
Muktsar,Punjab,30.4743,74.5160
Nawanshahr,Punjab,31.1254,76.1154
Rupnagar,Punjab,30.9646,76.5249
Sangrur,Punjab,30.2451,75.8414
Tarn Taran,Punjab,31.4518,74.9278
# Delhi
Central Delhi,Delhi,28.6469,77.2160
East Delhi,Delhi,28.6601,77.2998
New Delhi,Delhi,28.6139,77.2090
North Delhi,Delhi,28.7041,77.1025
North East Delhi,Delhi,28.6891,77.2830
North West Delhi,Delhi,28.7260,77.1014
South Delhi,Delhi,28.5244,77.2066
South East Delhi,Delhi,28.5697,77.2817
South West Delhi,Delhi,28.5677,77.0741
West Delhi,Delhi,28.6588,77.0718
# Uttar Pradesh
Agra,Uttar Pradesh,27.1767,78.0081
Aligarh,Uttar Pradesh,27.8974,78.0880
Allahabad,Uttar Pradesh,25.4358,81.8463
Bareilly,Uttar Pradesh,28.3670,79.4304
Bulandshahr,Uttar Pradesh,28.4071,77.8495
Etah,Uttar Pradesh,27.5577,78.6645
Ghaziabad,Uttar Pradesh,28.6692,77.4538
Hathras,Uttar Pradesh,27.5976,78.0530
Kanpur Nagar,Uttar Pradesh,26.4499,80.3319
Lucknow,Uttar Pradesh,26.8467,80.9462
Mathura,Uttar Pradesh,27.4924,77.6737
Meerut,Uttar Pradesh,28.9845,77.7064
Moradabad,Uttar Pradesh,28.8386,78.7733
Muzaffarnagar,Uttar Pradesh,29.4727,77.7085
Noida,Uttar Pradesh,28.5355,77.3910
Saharanpur,Uttar Pradesh,29.9680,77.5510
Shamli,Uttar Pradesh,29.4499,77.3165
Varanasi,Uttar Pradesh,25.3176,82.9739
# Rajasthan
Ajmer,Rajasthan,26.4499,74.6399
Alwar,Rajasthan,27.5530,76.6346
Bikaner,Rajasthan,28.0229,73.3119
Jaipur,Rajasthan,26.9124,75.7873
Jaisalmer,Rajasthan,26.9157,70.9083
Jodhpur,Rajasthan,26.2389,73.0243
Kota,Rajasthan,25.2138,75.8648
Sikar,Rajasthan,27.6094,75.1398
Udaipur,Rajasthan,24.5854,73.7125
Sri Ganganagar,Rajasthan,29.9038,73.8772
# Uttarakhand
Dehradun,Uttarakhand,30.3165,78.0322
Haridwar,Uttarakhand,29.9457,78.1642
Nainital,Uttarakhand,29.3803,79.4636
Roorkee,Uttarakhand,29.8543,77.8880
Udham Singh Nagar,Uttarakhand,28.9782,79.5176
Tehri Garhwal,Uttarakhand,30.3782,78.4803
# Himachal Pradesh
Shimla,Himachal Pradesh,31.1048,77.1734
Dharamshala,Himachal Pradesh,32.2190,76.3234
Mandi,Himachal Pradesh,31.7082,76.9317
Solan,Himachal Pradesh,30.9045,77.0967
Baddi,Himachal Pradesh,30.9596,76.7926
# Gujarat
Ahmedabad,Gujarat,23.0225,72.5714
Surat,Gujarat,21.1702,72.8311
Vadodara,Gujarat,22.3072,73.1812
Rajkot,Gujarat,22.3039,70.8022
Gandhinagar,Gujarat,23.2156,72.6369
Anand,Gujarat,22.5645,72.9289
Bharuch,Gujarat,21.7051,72.9959
Bhavnagar,Gujarat,21.7645,72.1519
# Maharashtra
Mumbai,Maharashtra,19.0760,72.8777
Pune,Maharashtra,18.5204,73.8567
Nagpur,Maharashtra,21.1458,79.0882
Nashik,Maharashtra,19.9975,73.7898
Aurangabad,Maharashtra,19.8762,75.3433
Thane,Maharashtra,19.2183,72.9781
Navi Mumbai,Maharashtra,19.0330,73.0297
Solapur,Maharashtra,17.6805,75.9064
Kolhapur,Maharashtra,16.7050,74.2433
